customer_id,predicted_label,predicted_risk,probability_good,probability_bad,timestamp
1,0,bad,0.526570174781196,0.47342982521880395,2025-09-01 15:34:04.912133
2,0,bad,0.9644500277411034,0.035549972258896514,2025-09-01 15:34:04.912133
3,0,bad,0.9868794138894794,0.013120586110520622,2025-09-01 15:34:04.912133
4,0,bad,0.9643426920221079,0.0356573079778921,2025-09-01 15:34:04.912133
5,0,bad,0.9979281037129776,0.0020718962870223813,2025-09-01 15:34:04.912133
6,0,bad,0.819583846084744,0.18041615391525595,2025-09-01 15:34:04.912133
7,0,bad,0.7588814667499132,0.24111853325008684,2025-09-01 15:34:04.912133
8,1,good,0.05852927607528502,0.941470723924715,2025-09-01 15:34:04.912133
9,1,good,0.125505863979128,0.874494136020872,2025-09-01 15:34:04.912133
10,1,good,0.0004436102886897775,0.9995563897113102,2025-09-01 15:34:04.912133
11,0,bad,0.9998054111093886,0.0001945888906114016,2025-09-01 15:34:04.912133
12,0,bad,0.99976353194574,0.00023646805426006152,2025-09-01 15:34:04.912133
13,0,bad,0.9664025264803798,0.033597473519620134,2025-09-01 15:34:04.912133
14,0,bad,0.9981464930998174,0.001853506900182611,2025-09-01 15:34:04.912133
15,0,bad,0.9998054111093886,0.0001945888906114016,2025-09-01 15:34:04.912133
16,0,bad,0.9644500277411034,0.035549972258896514,2025-09-01 15:34:04.912133
17,1,good,0.07181924917392135,0.9281807508260786,2025-09-01 15:34:04.912133
18,0,bad,0.9543138742005394,0.04568612579946058,2025-09-01 15:34:04.912133
19,1,good,0.00033904609357759963,0.9996609539064224,2025-09-01 15:34:04.912133
20,0,bad,0.8229192190287605,0.17708078097123947,2025-09-01 15:34:04.912133
21,0,bad,0.9868794138894794,0.013120586110520622,2025-09-01 15:34:04.912133
22,0,bad,0.9942432480697455,0.005756751930254481,2025-09-01 15:34:04.912133
23,0,bad,0.99976353194574,0.00023646805426006152,2025-09-01 15:34:04.912133
24,0,bad,0.9982516475560883,0.0017483524439117306,2025-09-01 15:34:04.912133
25,1,good,0.07581871914294891,0.9241812808570511,2025-09-01 15:34:04.912133
26,0,bad,0.9663008799391523,0.033699120060847694,2025-09-01 15:34:04.912133
27,0,bad,0.7970138576911187,0.20298614230888135,2025-09-01 15:34:04.912133
28,1,good,0.4381536861826558,0.5618463138173442,2025-09-01 15:34:04.912133
29,0,bad,0.9624713590396403,0.037528640960359676,2025-09-01 15:34:04.912133
30,0,bad,0.9988796422381633,0.0011203577618367647,2025-09-01 15:34:04.912133
31,0,bad,0.928940715502912,0.07105928449708795,2025-09-01 15:34:04.912133
32,0,bad,0.9602997877950221,0.039700212204977894,2025-09-01 15:34:04.912133
33,0,bad,0.9981464930998174,0.001853506900182611,2025-09-01 15:34:04.912133
34,0,bad,0.9378930060190748,0.06210699398092522,2025-09-01 15:34:04.912133
35,1,good,0.008543361890452017,0.991456638109548,2025-09-01 15:34:04.912133
36,0,bad,0.9602997877950221,0.039700212204977894,2025-09-01 15:34:04.912133
37,0,bad,0.9915336481025163,0.008466351897483633,2025-09-01 15:34:04.912133
38,0,bad,0.7982707215492216,0.20172927845077834,2025-09-01 15:34:04.912133
39,0,bad,0.9933042598403012,0.006695740159698801,2025-09-01 15:34:04.912133
40,0,bad,0.9663008799391523,0.033699120060847694,2025-09-01 15:34:04.912133
41,1,good,0.0001984482807437793,0.9998015517192562,2025-09-01 15:34:04.912133
42,0,bad,0.9783743404865458,0.02162565951345414,2025-09-01 15:34:04.912133
43,0,bad,0.9643426920221079,0.0356573079778921,2025-09-01 15:34:04.912133
44,0,bad,0.9998054111093886,0.0001945888906114016,2025-09-01 15:34:04.912133
45,0,bad,0.9981522675015176,0.0018477324984823742,2025-09-01 15:34:04.912133
46,1,good,0.00028401231979791053,0.9997159876802021,2025-09-01 15:34:04.912133
47,0,bad,0.8229192190287605,0.17708078097123947,2025-09-01 15:34:04.912133
48,0,bad,0.9997872709364445,0.0002127290635554938,2025-09-01 15:34:04.912133
49,0,bad,0.9920109643604936,0.007989035639506386,2025-09-01 15:34:04.912133
50,0,bad,0.7046544872363116,0.2953455127636884,2025-09-01 15:34:04.912133
51,1,good,0.4548459319729168,0.5451540680270832,2025-09-01 15:34:04.912133
52,1,good,0.0004436102886897775,0.9995563897113102,2025-09-01 15:34:04.912133
53,0,bad,0.7267189921300892,0.27328100786991083,2025-09-01 15:34:04.912133
54,0,bad,0.7832234404190069,0.21677655958099307,2025-09-01 15:34:04.912133
55,0,bad,0.9979281037129776,0.0020718962870223813,2025-09-01 15:34:04.912133
56,0,bad,0.7653694312147001,0.23463056878529986,2025-09-01 15:34:04.912133
57,1,good,1.8251736271013286e-05,0.999981748263729,2025-09-01 15:34:04.912133
58,0,bad,0.7879060412617878,0.2120939587382123,2025-09-01 15:34:04.912133
59,1,good,0.008061739260920131,0.9919382607390799,2025-09-01 15:34:04.912133
60,0,bad,0.9961395318726985,0.0038604681273015024,2025-09-01 15:34:04.912133
61,0,bad,0.9982516475560883,0.0017483524439117306,2025-09-01 15:34:04.912133
62,0,bad,0.5119652112400664,0.48803478875993356,2025-09-01 15:34:04.912133
63,1,good,0.0004436102886897775,0.9995563897113102,2025-09-01 15:34:04.912133
64,0,bad,0.99787329142903,0.002126708570970004,2025-09-01 15:34:04.912133
65,0,bad,0.6923333710116788,0.3076666289883212,2025-09-01 15:34:04.912133
66,1,good,0.08866104575758993,0.9113389542424101,2025-09-01 15:34:04.912133
67,0,bad,0.7046544872363116,0.2953455127636884,2025-09-01 15:34:04.912133
68,0,bad,0.9327074038956074,0.06729259610439262,2025-09-01 15:34:04.912133
69,0,bad,0.9915336481025163,0.008466351897483633,2025-09-01 15:34:04.912133
70,1,good,0.07202791406502096,0.927972085934979,2025-09-01 15:34:04.912133
71,0,bad,0.987587782749696,0.01241221725030398,2025-09-01 15:34:04.912133
72,1,good,0.32318950076152153,0.6768104992384785,2025-09-01 15:34:04.912133
73,1,good,0.00047032815135361616,0.9995296718486464,2025-09-01 15:34:04.912133
74,0,bad,0.9981522675015176,0.0018477324984823742,2025-09-01 15:34:04.912133
75,1,good,1.7214470258486436e-05,0.9999827855297415,2025-09-01 15:34:04.912133
76,1,good,0.00047032815135361616,0.9995296718486464,2025-09-01 15:34:04.912133
77,0,bad,0.9602997877950221,0.039700212204977894,2025-09-01 15:34:04.912133
78,0,bad,0.9624713590396403,0.037528640960359676,2025-09-01 15:34:04.912133
79,0,bad,0.7896470000966817,0.21035299990331835,2025-09-01 15:34:04.912133
80,0,bad,0.9602997877950221,0.039700212204977894,2025-09-01 15:34:04.912133
81,1,good,0.08891395567152272,0.9110860443284773,2025-09-01 15:34:04.912133
82,0,bad,0.7982732059685718,0.20172679403142826,2025-09-01 15:34:04.912133
83,0,bad,0.9985130743557679,0.0014869256442321718,2025-09-01 15:34:04.912133
84,0,bad,0.9644500277411034,0.035549972258896514,2025-09-01 15:34:04.912133
85,0,bad,0.9624713590396403,0.037528640960359676,2025-09-01 15:34:04.912133
86,1,good,0.0001923687690137399,0.9998076312309863,2025-09-01 15:34:04.912133
87,0,bad,0.9644500277411034,0.035549972258896514,2025-09-01 15:34:04.912133
88,0,bad,0.99787329142903,0.002126708570970004,2025-09-01 15:34:04.912133
89,1,good,0.000346945704354118,0.9996530542956459,2025-09-01 15:34:04.912133
90,0,bad,0.9663008799391523,0.033699120060847694,2025-09-01 15:34:04.912133
91,0,bad,0.7267189921300892,0.27328100786991083,2025-09-01 15:34:04.912133
92,0,bad,0.9982516475560883,0.0017483524439117306,2025-09-01 15:34:04.912133
93,1,good,0.13253111171134946,0.8674688882886505,2025-09-01 15:34:04.912133
94,1,good,0.3800621219340514,0.6199378780659486,2025-09-01 15:34:04.912133
95,0,bad,0.9327074038956074,0.06729259610439262,2025-09-01 15:34:04.912133
96,0,bad,0.9980757164791739,0.001924283520826115,2025-09-01 15:34:04.912133
97,0,bad,0.7224190486545397,0.2775809513454604,2025-09-01 15:34:04.912133
98,0,bad,0.9979281037129776,0.0020718962870223813,2025-09-01 15:34:04.912133
99,0,bad,0.9602997877950221,0.039700212204977894,2025-09-01 15:34:04.912133
100,1,good,0.0009765411934512525,0.9990234588065487,2025-09-01 15:34:04.912133
101,0,bad,0.9985130743557679,0.0014869256442321718,2025-09-01 15:34:04.912133
102,0,bad,0.99531238611498,0.0046876138850199985,2025-09-01 15:34:04.912133
103,0,bad,0.7273393789173589,0.2726606210826411,2025-09-01 15:34:04.912133
104,0,bad,0.9961395318726985,0.0038604681273015024,2025-09-01 15:34:04.912133
105,0,bad,0.9170128172523194,0.08298718274768055,2025-09-01 15:34:04.912133
106,1,good,0.00033798823424602276,0.999662011765754,2025-09-01 15:34:04.912133
107,1,good,0.0002670397774866551,0.9997329602225133,2025-09-01 15:34:04.912133
108,0,bad,0.9982516475560883,0.0017483524439117306,2025-09-01 15:34:04.912133
109,0,bad,0.5127462440109654,0.4872537559890346,2025-09-01 15:34:04.912133
110,0,bad,0.9988244335027165,0.0011755664972834473,2025-09-01 15:34:04.912133
111,0,bad,0.9982516475560883,0.0017483524439117306,2025-09-01 15:34:04.912133
112,0,bad,0.999151987235708,0.0008480127642920055,2025-09-01 15:34:04.912133
113,0,bad,0.9998054111093886,0.0001945888906114016,2025-09-01 15:34:04.912133
114,0,bad,0.987587782749696,0.01241221725030398,2025-09-01 15:34:04.912133
115,0,bad,0.9783743404865458,0.02162565951345414,2025-09-01 15:34:04.912133
116,1,good,0.07181924917392135,0.9281807508260786,2025-09-01 15:34:04.912133
117,1,good,1.726836666038345e-05,0.9999827316333396,2025-09-01 15:34:04.912133
118,0,bad,0.8093786077977156,0.1906213922022843,2025-09-01 15:34:04.912133
119,0,bad,0.9714642626888195,0.028535737311180545,2025-09-01 15:34:04.912133
120,1,good,0.0005160183334051993,0.9994839816665948,2025-09-01 15:34:04.912133
121,0,bad,0.9644500277411034,0.035549972258896514,2025-09-01 15:34:04.912133
122,1,good,0.015920773000715593,0.9840792269992844,2025-09-01 15:34:04.912133
123,0,bad,0.9550248323310296,0.044975167668970376,2025-09-01 15:34:04.912133
124,0,bad,0.9933042598403012,0.006695740159698801,2025-09-01 15:34:04.912133
125,0,bad,0.8529990735574876,0.1470009264425124,2025-09-01 15:34:04.912133
126,0,bad,0.9980456237301107,0.0019543762698892245,2025-09-01 15:34:04.912133
127,0,bad,0.9663008799391523,0.033699120060847694,2025-09-01 15:34:04.912133
128,0,bad,0.9663008799391523,0.033699120060847694,2025-09-01 15:34:04.912133
129,1,good,0.00047032815135361616,0.9995296718486464,2025-09-01 15:34:04.912133
130,0,bad,0.9980517117661181,0.0019482882338819662,2025-09-01 15:34:04.912133
131,0,bad,0.954449972747622,0.04555002725237801,2025-09-01 15:34:04.912133
132,0,bad,0.9981464930998174,0.001853506900182611,2025-09-01 15:34:04.912133
133,0,bad,0.6916670996885119,0.3083329003114881,2025-09-01 15:34:04.912133
134,0,bad,0.714945993343547,0.285054006656453,2025-09-01 15:34:04.912133
135,0,bad,0.6443174627189606,0.3556825372810394,2025-09-01 15:34:04.912133
136,1,good,0.13253111171134946,0.8674688882886505,2025-09-01 15:34:04.912133
137,0,bad,0.7166941685878494,0.28330583141215065,2025-09-01 15:34:04.912133
138,0,bad,0.9783743404865458,0.02162565951345414,2025-09-01 15:34:04.912133
139,1,good,0.4548459319729168,0.5451540680270832,2025-09-01 15:34:04.912133
140,0,bad,0.973860913876503,0.026139086123496975,2025-09-01 15:34:04.912133
141,0,bad,0.8426695906264636,0.15733040937353643,2025-09-01 15:34:04.912133
142,1,good,0.00034803158964469283,0.9996519684103553,2025-09-01 15:34:04.912133
143,1,good,0.000346945704354118,0.9996530542956459,2025-09-01 15:34:04.912133
144,0,bad,0.9602997877950221,0.039700212204977894,2025-09-01 15:34:04.912133
145,0,bad,0.6923333710116788,0.3076666289883212,2025-09-01 15:34:04.912133
146,0,bad,0.9979281037129776,0.0020718962870223813,2025-09-01 15:34:04.912133
147,0,bad,0.998257094932404,0.0017429050675960547,2025-09-01 15:34:04.912133
148,0,bad,0.9882849307420873,0.011715069257912656,2025-09-01 15:34:04.912133
149,0,bad,0.9643426920221079,0.0356573079778921,2025-09-01 15:34:04.912133
150,1,good,0.07406866345931395,0.925931336540686,2025-09-01 15:34:04.912133
151,0,bad,0.7267189921300892,0.27328100786991083,2025-09-01 15:34:04.912133
152,0,bad,0.7970138576911187,0.20298614230888135,2025-09-01 15:34:04.912133
153,0,bad,0.8156463312953106,0.18435366870468933,2025-09-01 15:34:04.912133
154,0,bad,0.9863595323442652,0.013640467655734833,2025-09-01 15:34:04.912133
155,1,good,0.05852927607528502,0.941470723924715,2025-09-01 15:34:04.912133
156,0,bad,0.9961395318726985,0.0038604681273015024,2025-09-01 15:34:04.912133
157,0,bad,0.9663008799391523,0.033699120060847694,2025-09-01 15:34:04.912133
158,0,bad,0.9982516475560883,0.0017483524439117306,2025-09-01 15:34:04.912133
159,0,bad,0.9979281037129776,0.0020718962870223813,2025-09-01 15:34:04.912133
160,1,good,0.13217213405328498,0.867827865946715,2025-09-01 15:34:04.912133
161,0,bad,0.7681010896073843,0.23189891039261573,2025-09-01 15:34:04.912133
162,0,bad,0.987587782749696,0.01241221725030398,2025-09-01 15:34:04.912133
163,0,bad,0.9946172653189261,0.005382734681073878,2025-09-01 15:34:04.912133
164,1,good,0.00047032815135361616,0.9995296718486464,2025-09-01 15:34:04.912133
165,0,bad,0.9946172653189261,0.005382734681073878,2025-09-01 15:34:04.912133
166,0,bad,0.8312851619384232,0.16871483806157678,2025-09-01 15:34:04.912133
167,0,bad,0.9644500277411034,0.035549972258896514,2025-09-01 15:34:04.912133
168,1,good,0.41116277237217014,0.5888372276278299,2025-09-01 15:34:04.912133
169,0,bad,0.9458671494514354,0.05413285054856463,2025-09-01 15:34:04.912133
170,0,bad,0.9981464930998174,0.001853506900182611,2025-09-01 15:34:04.912133
171,0,bad,0.9998054111093886,0.0001945888906114016,2025-09-01 15:34:04.912133
172,0,bad,0.7273393789173589,0.2726606210826411,2025-09-01 15:34:04.912133
173,1,good,0.00034803158964469283,0.9996519684103553,2025-09-01 15:34:04.912133
174,0,bad,0.9663008799391523,0.033699120060847694,2025-09-01 15:34:04.912133
175,0,bad,0.9979281037129776,0.0020718962870223813,2025-09-01 15:34:04.912133
176,1,good,7.038999226272047e-06,0.9999929610007737,2025-09-01 15:34:04.912133
177,0,bad,0.9624713590396403,0.037528640960359676,2025-09-01 15:34:04.912133
178,0,bad,0.9783743404865458,0.02162565951345414,2025-09-01 15:34:04.912133
179,1,good,0.032134919329146805,0.9678650806708532,2025-09-01 15:34:04.912133
180,0,bad,0.9981464930998174,0.001853506900182611,2025-09-01 15:34:04.912133
181,0,bad,0.9875494047964047,0.01245059520359527,2025-09-01 15:34:04.912133
182,1,good,0.000346945704354118,0.9996530542956459,2025-09-01 15:34:04.912133
183,0,bad,0.9543138742005394,0.04568612579946058,2025-09-01 15:34:04.912133
184,1,good,0.11922349881449912,0.8807765011855009,2025-09-01 15:34:04.912133
185,0,bad,0.9981464930998174,0.001853506900182611,2025-09-01 15:34:04.912133
186,0,bad,0.7873831781052681,0.21261682189473183,2025-09-01 15:34:04.912133
187,1,good,0.0004718000219704477,0.9995281999780296,2025-09-01 15:34:04.912133
188,0,bad,0.9981464930998174,0.001853506900182611,2025-09-01 15:34:04.912133
189,0,bad,0.9663008799391523,0.033699120060847694,2025-09-01 15:34:04.912133
190,0,bad,0.9604187939615797,0.03958120603842032,2025-09-01 15:34:04.912133
191,1,good,8.536554489624315e-06,0.9999914634455104,2025-09-01 15:34:04.912133
192,0,bad,0.9979281037129776,0.0020718962870223813,2025-09-01 15:34:04.912133
193,0,bad,0.9979281037129776,0.0020718962870223813,2025-09-01 15:34:04.912133
194,0,bad,0.9458671494514354,0.05413285054856463,2025-09-01 15:34:04.912133
195,0,bad,0.99531238611498,0.0046876138850199985,2025-09-01 15:34:04.912133
196,1,good,0.0004718000219704477,0.9995281999780296,2025-09-01 15:34:04.912133
197,0,bad,0.7273393789173589,0.2726606210826411,2025-09-01 15:34:04.912133
198,0,bad,0.9961395318726985,0.0038604681273015024,2025-09-01 15:34:04.912133
199,0,bad,0.9432255097439088,0.056774490256091124,2025-09-01 15:34:04.912133
200,1,good,0.000346945704354118,0.9996530542956459,2025-09-01 15:34:04.912133
201,0,bad,0.9925197247853559,0.00748027521464412,2025-09-01 15:34:04.912133
202,0,bad,0.9982516475560883,0.0017483524439117306,2025-09-01 15:34:04.912133
203,0,bad,0.9875494047964047,0.01245059520359527,2025-09-01 15:34:04.912133
204,0,bad,0.9998054111093886,0.0001945888906114016,2025-09-01 15:34:04.912133
205,0,bad,0.9920109643604936,0.007989035639506386,2025-09-01 15:34:04.912133
206,1,good,0.00033798823424602276,0.999662011765754,2025-09-01 15:34:04.912133
207,0,bad,0.7267189921300892,0.27328100786991083,2025-09-01 15:34:04.912133
208,0,bad,0.9982516475560883,0.0017483524439117306,2025-09-01 15:34:04.912133
209,0,bad,0.9981464930998174,0.001853506900182611,2025-09-01 15:34:04.912133
210,0,bad,0.7284223922912084,0.2715776077087916,2025-09-01 15:34:04.912133
211,1,good,0.1080449931528763,0.8919550068471237,2025-09-01 15:34:04.912133
212,1,good,0.07202791406502096,0.927972085934979,2025-09-01 15:34:04.912133
213,0,bad,0.9981464930998174,0.001853506900182611,2025-09-01 15:34:04.912133
214,1,good,0.008036779506648606,0.9919632204933514,2025-09-01 15:34:04.912133
215,1,good,0.07181924917392135,0.9281807508260786,2025-09-01 15:34:04.912133
216,0,bad,0.9569271721529718,0.043072827847028164,2025-09-01 15:34:04.912133
217,0,bad,0.9979281037129776,0.0020718962870223813,2025-09-01 15:34:04.912133
218,0,bad,0.7982707215492216,0.20172927845077834,2025-09-01 15:34:04.912133
219,0,bad,0.99531238611498,0.0046876138850199985,2025-09-01 15:34:04.912133
220,0,bad,0.9882849307420873,0.011715069257912656,2025-09-01 15:34:04.912133
221,0,bad,0.9663008799391523,0.033699120060847694,2025-09-01 15:34:04.912133
222,0,bad,0.9914195169080097,0.008580483091990304,2025-09-01 15:34:04.912133
223,0,bad,0.7267189921300892,0.27328100786991083,2025-09-01 15:34:04.912133
224,0,bad,0.7832234404190069,0.21677655958099307,2025-09-01 15:34:04.912133
225,0,bad,0.9860998018822376,0.013900198117762476,2025-09-01 15:34:04.912133
226,0,bad,0.6916670996885119,0.3083329003114881,2025-09-01 15:34:04.912133
227,0,bad,0.519749655695835,0.4802503443041651,2025-09-01 15:34:04.912133
228,1,good,0.00047032815135361616,0.9995296718486464,2025-09-01 15:34:04.912133
229,0,bad,0.7267189921300892,0.27328100786991083,2025-09-01 15:34:04.912133
230,0,bad,0.9602997877950221,0.039700212204977894,2025-09-01 15:34:04.912133
231,0,bad,0.7982707215492216,0.20172927845077834,2025-09-01 15:34:04.912133
232,0,bad,0.9906129946946105,0.009387005305389492,2025-09-01 15:34:04.912133
233,0,bad,0.7783593158960985,0.22164068410390145,2025-09-01 15:34:04.912133
234,0,bad,0.9643426920221079,0.0356573079778921,2025-09-01 15:34:04.912133
235,0,bad,0.7267189921300892,0.27328100786991083,2025-09-01 15:34:04.912133
236,1,good,0.0004436102886897775,0.9995563897113102,2025-09-01 15:34:04.912133
237,0,bad,0.9449329812856795,0.05506701871432051,2025-09-01 15:34:04.912133
238,0,bad,0.99976353194574,0.00023646805426006152,2025-09-01 15:34:04.912133
239,0,bad,0.7975191276592355,0.20248087234076456,2025-09-01 15:34:04.912133
240,0,bad,0.9602997877950221,0.039700212204977894,2025-09-01 15:34:04.912133
241,0,bad,0.954449972747622,0.04555002725237801,2025-09-01 15:34:04.912133
242,0,bad,0.7267189921300892,0.27328100786991083,2025-09-01 15:34:04.912133
243,0,bad,0.9979281037129776,0.0020718962870223813,2025-09-01 15:34:04.912133
244,0,bad,0.9882849307420873,0.011715069257912656,2025-09-01 15:34:04.912133
245,0,bad,0.9936429830794827,0.006357016920517315,2025-09-01 15:34:04.912133
246,0,bad,0.9875494047964047,0.01245059520359527,2025-09-01 15:34:04.912133
247,0,bad,0.7267189921300892,0.27328100786991083,2025-09-01 15:34:04.912133
248,0,bad,0.9989924762552075,0.0010075237447925444,2025-09-01 15:34:04.912133
249,0,bad,0.8156463312953106,0.18435366870468933,2025-09-01 15:34:04.912133
250,0,bad,0.9550248323310296,0.044975167668970376,2025-09-01 15:34:04.912133
251,0,bad,0.9329033424593426,0.06709665754065737,2025-09-01 15:34:04.912133
252,0,bad,0.808014191132526,0.191985808867474,2025-09-01 15:34:04.912133
253,0,bad,0.9979345570754876,0.0020654429245123653,2025-09-01 15:34:04.912133
254,0,bad,0.7681010896073843,0.23189891039261573,2025-09-01 15:34:04.912133
255,1,good,0.46938863952749754,0.5306113604725025,2025-09-01 15:34:04.912133
256,0,bad,0.6346077429477955,0.36539225705220446,2025-09-01 15:34:04.912133
257,0,bad,0.7681010896073843,0.23189891039261573,2025-09-01 15:34:04.912133
258,0,bad,0.9624713590396403,0.037528640960359676,2025-09-01 15:34:04.912133
259,0,bad,0.986142585419828,0.013857414580171947,2025-09-01 15:34:04.912133
260,0,bad,0.7273393789173589,0.2726606210826411,2025-09-01 15:34:04.912133
261,0,bad,0.9663008799391523,0.033699120060847694,2025-09-01 15:34:04.912133
262,0,bad,0.9644500277411034,0.035549972258896514,2025-09-01 15:34:04.912133
263,1,good,0.0004436102886897775,0.9995563897113102,2025-09-01 15:34:04.912133
264,0,bad,0.9869198296819408,0.013080170318059239,2025-09-01 15:34:04.912133
265,0,bad,0.9920109643604936,0.007989035639506386,2025-09-01 15:34:04.912133
266,0,bad,0.9643426920221079,0.0356573079778921,2025-09-01 15:34:04.912133
267,0,bad,0.819583846084744,0.18041615391525595,2025-09-01 15:34:04.912133
268,0,bad,0.7879060412617878,0.2120939587382123,2025-09-01 15:34:04.912133
269,1,good,0.0004436102886897775,0.9995563897113102,2025-09-01 15:34:04.912133
270,1,good,0.08866104575758993,0.9113389542424101,2025-09-01 15:34:04.912133
271,0,bad,0.7832234404190069,0.21677655958099307,2025-09-01 15:34:04.912133
272,0,bad,0.9663064142339228,0.03369358576607715,2025-09-01 15:34:04.912133
273,1,good,1.1662036104032047e-05,0.999988337963896,2025-09-01 15:34:04.912133
274,0,bad,0.9602997877950221,0.039700212204977894,2025-09-01 15:34:04.912133
275,0,bad,0.959290122824432,0.04070987717556793,2025-09-01 15:34:04.912133
276,0,bad,0.7783593158960985,0.22164068410390145,2025-09-01 15:34:04.912133
277,0,bad,0.6923333710116788,0.3076666289883212,2025-09-01 15:34:04.912133
278,0,bad,0.526570174781196,0.47342982521880395,2025-09-01 15:34:04.912133
279,0,bad,0.7788981389088427,0.2211018610911573,2025-09-01 15:34:04.912133
280,1,good,0.021991883621213515,0.9780081163787865,2025-09-01 15:34:04.912133
281,0,bad,0.9508138021518686,0.04918619784813134,2025-09-01 15:34:04.912133
282,0,bad,0.7267189921300892,0.27328100786991083,2025-09-01 15:34:04.912133
283,1,good,0.14647778385399235,0.8535222161460077,2025-09-01 15:34:04.912133
284,1,good,0.08866104575758993,0.9113389542424101,2025-09-01 15:34:04.912133
285,0,bad,0.9979281037129776,0.0020718962870223813,2025-09-01 15:34:04.912133
286,0,bad,0.9978799151533769,0.0021200848466230455,2025-09-01 15:34:04.912133
287,0,bad,0.9979281037129776,0.0020718962870223813,2025-09-01 15:34:04.912133
288,1,good,0.0004436102886897775,0.9995563897113102,2025-09-01 15:34:04.912133
289,0,bad,0.9664025264803798,0.033597473519620134,2025-09-01 15:34:04.912133
290,0,bad,0.9643426920221079,0.0356573079778921,2025-09-01 15:34:04.912133
291,0,bad,0.9882486826865562,0.011751317313443796,2025-09-01 15:34:04.912133
292,1,good,0.05852927607528502,0.941470723924715,2025-09-01 15:34:04.912133
293,1,good,0.0004449985841922244,0.9995550014158078,2025-09-01 15:34:04.912133
294,0,bad,0.9920724408968775,0.007927559103122449,2025-09-01 15:34:04.912133
295,1,good,7.017029539868602e-06,0.9999929829704601,2025-09-01 15:34:04.912133
296,0,bad,0.9644500277411034,0.035549972258896514,2025-09-01 15:34:04.912133
297,0,bad,0.9170128172523194,0.08298718274768055,2025-09-01 15:34:04.912133
298,0,bad,0.7653694312147001,0.23463056878529986,2025-09-01 15:34:04.912133
299,0,bad,0.6916670996885119,0.3083329003114881,2025-09-01 15:34:04.912133
300,0,bad,0.5262772468170006,0.4737227531829994,2025-09-01 15:34:04.912133
301,0,bad,0.9882849307420873,0.011715069257912656,2025-09-01 15:34:04.912133
302,0,bad,0.9604187939615797,0.03958120603842032,2025-09-01 15:34:04.912133
303,0,bad,0.8444123823249756,0.1555876176750244,2025-09-01 15:34:04.912133
304,0,bad,0.9982516475560883,0.0017483524439117306,2025-09-01 15:34:04.912133
305,0,bad,0.9897919740100076,0.010208025989992413,2025-09-01 15:34:04.912133
306,1,good,0.1112929710673447,0.8887070289326553,2025-09-01 15:34:04.912133
307,0,bad,0.9170128172523194,0.08298718274768055,2025-09-01 15:34:04.912133
308,0,bad,0.9663008799391523,0.033699120060847694,2025-09-01 15:34:04.912133
309,0,bad,0.9664025264803798,0.033597473519620134,2025-09-01 15:34:04.912133
310,0,bad,0.9998054111093886,0.0001945888906114016,2025-09-01 15:34:04.912133
311,0,bad,0.5119652112400664,0.48803478875993356,2025-09-01 15:34:04.912133
312,0,bad,0.714945993343547,0.285054006656453,2025-09-01 15:34:04.912133
313,0,bad,0.7987736528370457,0.20122634716295434,2025-09-01 15:34:04.912133
314,0,bad,0.9982516475560883,0.0017483524439117306,2025-09-01 15:34:04.912133
315,0,bad,0.8519455968130454,0.14805440318695468,2025-09-01 15:34:04.912133
316,0,bad,0.9602997877950221,0.039700212204977894,2025-09-01 15:34:04.912133
317,0,bad,0.9663008799391523,0.033699120060847694,2025-09-01 15:34:04.912133
318,1,good,0.4556211772816424,0.5443788227183576,2025-09-01 15:34:04.912133
319,0,bad,0.9920109643604936,0.007989035639506386,2025-09-01 15:34:04.912133
320,0,bad,0.9604187939615797,0.03958120603842032,2025-09-01 15:34:04.912133
321,1,good,0.000346945704354118,0.9996530542956459,2025-09-01 15:34:04.912133
322,0,bad,0.9643426920221079,0.0356573079778921,2025-09-01 15:34:04.912133
323,1,good,0.000346945704354118,0.9996530542956459,2025-09-01 15:34:04.912133
324,0,bad,0.5262772468170006,0.4737227531829994,2025-09-01 15:34:04.912133
325,0,bad,0.9915598499091004,0.008440150090899623,2025-09-01 15:34:04.912133
326,0,bad,0.9980456237301107,0.0019543762698892245,2025-09-01 15:34:04.912133
327,1,good,0.32318950076152153,0.6768104992384785,2025-09-01 15:34:04.912133
328,0,bad,0.789338610398482,0.210661389601518,2025-09-01 15:34:04.912133
329,0,bad,0.7982707215492216,0.20172927845077834,2025-09-01 15:34:04.912133
330,0,bad,0.9663008799391523,0.033699120060847694,2025-09-01 15:34:04.912133
331,1,good,0.0004436102886897775,0.9995563897113102,2025-09-01 15:34:04.912133
332,0,bad,0.987587782749696,0.01241221725030398,2025-09-01 15:34:04.912133
333,1,good,0.0007188711574557249,0.9992811288425443,2025-09-01 15:34:04.912133
334,0,bad,0.9981935627166515,0.0018064372833485223,2025-09-01 15:34:04.912133
335,0,bad,0.99531238611498,0.0046876138850199985,2025-09-01 15:34:04.912133
336,1,good,0.04281314907226397,0.957186850927736,2025-09-01 15:34:04.912133
337,0,bad,0.9604187939615797,0.03958120603842032,2025-09-01 15:34:04.912133
338,0,bad,0.9914195169080097,0.008580483091990304,2025-09-01 15:34:04.912133
339,0,bad,0.9602997877950221,0.039700212204977894,2025-09-01 15:34:04.912133
340,0,bad,0.9663008799391523,0.033699120060847694,2025-09-01 15:34:04.912133
341,0,bad,0.9981522675015176,0.0018477324984823742,2025-09-01 15:34:04.912133
342,0,bad,0.99531238611498,0.0046876138850199985,2025-09-01 15:34:04.912133
343,0,bad,0.9942432480697455,0.005756751930254481,2025-09-01 15:34:04.912133
344,1,good,0.000346945704354118,0.9996530542956459,2025-09-01 15:34:04.912133
345,0,bad,0.9925196102425575,0.007480389757442462,2025-09-01 15:34:04.912133
346,0,bad,0.7155826465599904,0.28441735344000957,2025-09-01 15:34:04.912133
347,0,bad,0.9643426920221079,0.0356573079778921,2025-09-01 15:34:04.912133
348,0,bad,0.9942432480697455,0.005756751930254481,2025-09-01 15:34:04.912133
349,0,bad,0.9920109643604936,0.007989035639506386,2025-09-01 15:34:04.912133
350,0,bad,0.9327074038956074,0.06729259610439262,2025-09-01 15:34:04.912133
351,0,bad,0.9985130743557679,0.0014869256442321718,2025-09-01 15:34:04.912133
352,0,bad,0.9664025264803798,0.033597473519620134,2025-09-01 15:34:04.912133
353,1,good,7.205062917736704e-06,0.9999927949370823,2025-09-01 15:34:04.912133
354,0,bad,0.9961395318726985,0.0038604681273015024,2025-09-01 15:34:04.912133
355,0,bad,0.9925197247853559,0.00748027521464412,2025-09-01 15:34:04.912133
356,0,bad,0.9981464930998174,0.001853506900182611,2025-09-01 15:34:04.912133
357,1,good,0.07581871914294891,0.9241812808570511,2025-09-01 15:34:04.912133
358,1,good,0.00014145099121187776,0.9998585490087881,2025-09-01 15:34:04.912133
359,0,bad,0.7267189921300892,0.27328100786991083,2025-09-01 15:34:04.912133
360,0,bad,0.99531238611498,0.0046876138850199985,2025-09-01 15:34:04.912133
361,0,bad,0.9543138742005394,0.04568612579946058,2025-09-01 15:34:04.912133
362,1,good,0.00023165719684492547,0.9997683428031551,2025-09-01 15:34:04.912133
363,0,bad,0.9925427836261574,0.0074572163738425646,2025-09-01 15:34:04.912133
364,0,bad,0.9550248323310296,0.044975167668970376,2025-09-01 15:34:04.912133
365,0,bad,0.9602997877950221,0.039700212204977894,2025-09-01 15:34:04.912133
366,0,bad,0.9920109643604936,0.007989035639506386,2025-09-01 15:34:04.912133
367,0,bad,0.9860998018822376,0.013900198117762476,2025-09-01 15:34:04.912133
368,0,bad,0.99531238611498,0.0046876138850199985,2025-09-01 15:34:04.912133
369,0,bad,0.9602997877950221,0.039700212204977894,2025-09-01 15:34:04.912133
370,0,bad,0.99531238611498,0.0046876138850199985,2025-09-01 15:34:04.912133
371,0,bad,0.7832234404190069,0.21677655958099307,2025-09-01 15:34:04.912133
372,0,bad,0.7873831781052681,0.21261682189473183,2025-09-01 15:34:04.912133
373,0,bad,0.9458671494514354,0.05413285054856463,2025-09-01 15:34:04.912133
374,1,good,5.460034408377723e-06,0.9999945399655916,2025-09-01 15:34:04.912133
375,1,good,0.0005477463697092233,0.9994522536302908,2025-09-01 15:34:04.912133
376,0,bad,0.9998054111093886,0.0001945888906114016,2025-09-01 15:34:04.912133
377,0,bad,0.7681010896073843,0.23189891039261573,2025-09-01 15:34:04.912133
378,1,good,0.13217213405328498,0.867827865946715,2025-09-01 15:34:04.912133
379,1,good,0.00033798823424602276,0.999662011765754,2025-09-01 15:34:04.912133
380,0,bad,0.9882849307420873,0.011715069257912656,2025-09-01 15:34:04.912133
381,1,good,0.4548459319729168,0.5451540680270832,2025-09-01 15:34:04.912133
382,1,good,0.00033904609357759963,0.9996609539064224,2025-09-01 15:34:04.912133
383,0,bad,0.9378930060190748,0.06210699398092522,2025-09-01 15:34:04.912133
384,0,bad,0.9933042598403012,0.006695740159698801,2025-09-01 15:34:04.912133
385,0,bad,0.9860998018822376,0.013900198117762476,2025-09-01 15:34:04.912133
386,0,bad,0.6923333710116788,0.3076666289883212,2025-09-01 15:34:04.912133
387,1,good,0.32318950076152153,0.6768104992384785,2025-09-01 15:34:04.912133
388,1,good,0.0004436102886897775,0.9995563897113102,2025-09-01 15:34:04.912133
389,0,bad,0.9985223878217051,0.0014776121782949262,2025-09-01 15:34:04.912133
390,0,bad,0.9882849307420873,0.011715069257912656,2025-09-01 15:34:04.912133
391,1,good,0.00018087184350656926,0.9998191281564934,2025-09-01 15:34:04.912133
392,0,bad,0.7840882815906576,0.2159117184093424,2025-09-01 15:34:04.912133
393,1,good,0.000346945704354118,0.9996530542956459,2025-09-01 15:34:04.912133
394,0,bad,0.9664025264803798,0.033597473519620134,2025-09-01 15:34:04.912133
395,1,good,0.00022142397991209428,0.9997785760200879,2025-09-01 15:34:04.912133
396,0,bad,0.99976353194574,0.00023646805426006152,2025-09-01 15:34:04.912133
397,1,good,0.0003689950414795806,0.9996310049585204,2025-09-01 15:34:04.912133
398,0,bad,0.9602997877950221,0.039700212204977894,2025-09-01 15:34:04.912133
399,0,bad,0.9998054111093886,0.0001945888906114016,2025-09-01 15:34:04.912133
400,1,good,0.07428334079532439,0.9257166592046756,2025-09-01 15:34:04.912133
401,0,bad,0.7873831781052681,0.21261682189473183,2025-09-01 15:34:04.912133
402,0,bad,0.9543138742005394,0.04568612579946058,2025-09-01 15:34:04.912133
403,0,bad,0.9875494047964047,0.01245059520359527,2025-09-01 15:34:04.912133
404,0,bad,0.9875494047964047,0.01245059520359527,2025-09-01 15:34:04.912133
405,0,bad,0.9432255097439088,0.056774490256091124,2025-09-01 15:34:04.912133
406,0,bad,0.9602997877950221,0.039700212204977894,2025-09-01 15:34:04.912133
407,0,bad,0.7098912209943378,0.2901087790056623,2025-09-01 15:34:04.912133
408,0,bad,0.9643426920221079,0.0356573079778921,2025-09-01 15:34:04.912133
409,1,good,0.0001984482807437793,0.9998015517192562,2025-09-01 15:34:04.912133
410,0,bad,0.9969308873715099,0.0030691126284900826,2025-09-01 15:34:04.912133
411,0,bad,0.9644500277411034,0.035549972258896514,2025-09-01 15:34:04.912133
412,1,good,0.0002670397774866551,0.9997329602225133,2025-09-01 15:34:04.912133
413,1,good,0.00014997306459652027,0.9998500269354035,2025-09-01 15:34:04.912133
414,0,bad,0.9988986352852758,0.001101364714724164,2025-09-01 15:34:04.912133
415,0,bad,0.954449972747622,0.04555002725237801,2025-09-01 15:34:04.912133
416,0,bad,0.9915336481025163,0.008466351897483633,2025-09-01 15:34:04.912133
417,0,bad,0.9980456237301107,0.0019543762698892245,2025-09-01 15:34:04.912133
418,0,bad,0.9914195169080097,0.008580483091990304,2025-09-01 15:34:04.912133
419,1,good,0.00029390428621700604,0.999706095713783,2025-09-01 15:34:04.912133
420,0,bad,0.954449972747622,0.04555002725237801,2025-09-01 15:34:04.912133
421,0,bad,0.9508138021518686,0.04918619784813134,2025-09-01 15:34:04.912133
422,0,bad,0.9462787837892078,0.053721216210792226,2025-09-01 15:34:04.912133
423,0,bad,0.9982516475560883,0.0017483524439117306,2025-09-01 15:34:04.912133
424,1,good,0.0002670397774866551,0.9997329602225133,2025-09-01 15:34:04.912133
425,1,good,0.47016729429555326,0.5298327057044467,2025-09-01 15:34:04.912133
426,0,bad,0.99976353194574,0.00023646805426006152,2025-09-01 15:34:04.912133
427,0,bad,0.6916670996885119,0.3083329003114881,2025-09-01 15:34:04.912133
428,1,good,0.07406866345931395,0.925931336540686,2025-09-01 15:34:04.912133
429,0,bad,0.7267189921300892,0.27328100786991083,2025-09-01 15:34:04.912133
430,0,bad,0.9644500277411034,0.035549972258896514,2025-09-01 15:34:04.912133
431,0,bad,0.9868794138894794,0.013120586110520622,2025-09-01 15:34:04.912133
432,1,good,0.00033798823424602276,0.999662011765754,2025-09-01 15:34:04.912133
433,1,good,0.00047032815135361616,0.9995296718486464,2025-09-01 15:34:04.912133
434,0,bad,0.7681010896073843,0.23189891039261573,2025-09-01 15:34:04.912133
435,0,bad,0.9624713590396403,0.037528640960359676,2025-09-01 15:34:04.912133
436,0,bad,0.526570174781196,0.47342982521880395,2025-09-01 15:34:04.912133
437,0,bad,0.951036551073976,0.04896344892602395,2025-09-01 15:34:04.912133
438,0,bad,0.789338610398482,0.210661389601518,2025-09-01 15:34:04.912133
439,0,bad,0.9602997877950221,0.039700212204977894,2025-09-01 15:34:04.912133
440,0,bad,0.9933250188175841,0.006674981182415927,2025-09-01 15:34:04.912133
441,1,good,0.0002831261229736537,0.9997168738770263,2025-09-01 15:34:04.912133
442,0,bad,0.9664025264803798,0.033597473519620134,2025-09-01 15:34:04.912133
443,0,bad,0.9602997877950221,0.039700212204977894,2025-09-01 15:34:04.912133
444,0,bad,0.9882486826865562,0.011751317313443796,2025-09-01 15:34:04.912133
445,1,good,0.0004449985841922244,0.9995550014158078,2025-09-01 15:34:04.912133
446,0,bad,0.9378930060190748,0.06210699398092522,2025-09-01 15:34:04.912133
447,0,bad,0.9981522675015176,0.0018477324984823742,2025-09-01 15:34:04.912133
448,0,bad,0.9624713590396403,0.037528640960359676,2025-09-01 15:34:04.912133
449,1,good,0.0003341310005801068,0.9996658689994199,2025-09-01 15:34:04.912133
450,1,good,0.3963259112625579,0.6036740887374421,2025-09-01 15:34:04.912133
451,1,good,4.7537090276383864e-06,0.9999952462909724,2025-09-01 15:34:04.912133
452,0,bad,0.7273393789173589,0.2726606210826411,2025-09-01 15:34:04.912133
453,0,bad,0.7783593158960985,0.22164068410390145,2025-09-01 15:34:04.912133
454,1,good,0.0002088426258832765,0.9997911573741167,2025-09-01 15:34:04.912133
455,0,bad,0.9979281037129776,0.0020718962870223813,2025-09-01 15:34:04.912133
456,1,good,0.00014189380177986877,0.9998581061982201,2025-09-01 15:34:04.912133
457,0,bad,0.99976353194574,0.00023646805426006152,2025-09-01 15:34:04.912133
458,0,bad,0.9980456237301107,0.0019543762698892245,2025-09-01 15:34:04.912133
459,0,bad,0.998257094932404,0.0017429050675960547,2025-09-01 15:34:04.912133
460,0,bad,0.7681010896073843,0.23189891039261573,2025-09-01 15:34:04.912133
461,0,bad,0.9602997877950221,0.039700212204977894,2025-09-01 15:34:04.912133
462,0,bad,0.9981464930998174,0.001853506900182611,2025-09-01 15:34:04.912133
463,1,good,0.04281314907226397,0.957186850927736,2025-09-01 15:34:04.912133
464,0,bad,0.9567981401860034,0.0432018598139966,2025-09-01 15:34:04.912133
465,0,bad,0.9915336481025163,0.008466351897483633,2025-09-01 15:34:04.912133
466,0,bad,0.9979281037129776,0.0020718962870223813,2025-09-01 15:34:04.912133
467,0,bad,0.9961395318726985,0.0038604681273015024,2025-09-01 15:34:04.912133
468,1,good,0.12560400768446878,0.8743959923155312,2025-09-01 15:34:04.912133
469,0,bad,0.986142585419828,0.013857414580171947,2025-09-01 15:34:04.912133
470,0,bad,0.9905434822869185,0.009456517713081524,2025-09-01 15:34:04.912133
471,0,bad,0.99531238611498,0.0046876138850199985,2025-09-01 15:34:04.912133
472,0,bad,0.998257094932404,0.0017429050675960547,2025-09-01 15:34:04.912133
473,0,bad,0.9982516475560883,0.0017483524439117306,2025-09-01 15:34:04.912133
474,1,good,1.098512434094534e-05,0.999989014875659,2025-09-01 15:34:04.912133
475,0,bad,0.9643426920221079,0.0356573079778921,2025-09-01 15:34:04.912133
476,0,bad,0.99531238611498,0.0046876138850199985,2025-09-01 15:34:04.912133
477,0,bad,0.9900529922589694,0.009947007741030625,2025-09-01 15:34:04.912133
478,0,bad,0.8156463312953106,0.18435366870468933,2025-09-01 15:34:04.912133
479,0,bad,0.9982516475560883,0.0017483524439117306,2025-09-01 15:34:04.912133
480,0,bad,0.9643426920221079,0.0356573079778921,2025-09-01 15:34:04.912133
481,0,bad,0.9625841092895264,0.03741589071047352,2025-09-01 15:34:04.912133
482,0,bad,0.9981464930998174,0.001853506900182611,2025-09-01 15:34:04.912133
483,0,bad,0.8497055102540612,0.1502944897459389,2025-09-01 15:34:04.912133
484,1,good,0.07428334079532439,0.9257166592046756,2025-09-01 15:34:04.912133
485,0,bad,0.9925197247853559,0.00748027521464412,2025-09-01 15:34:04.912133
486,1,good,0.00047032815135361616,0.9995296718486464,2025-09-01 15:34:04.912133
487,0,bad,0.7040034905179611,0.295996509482039,2025-09-01 15:34:04.912133
488,0,bad,0.986142585419828,0.013857414580171947,2025-09-01 15:34:04.912133
489,0,bad,0.9989924762552075,0.0010075237447925444,2025-09-01 15:34:04.912133
490,0,bad,0.9981935627166515,0.0018064372833485223,2025-09-01 15:34:04.912133
491,0,bad,0.7267189921300892,0.27328100786991083,2025-09-01 15:34:04.912133
492,1,good,0.0004449985841922244,0.9995550014158078,2025-09-01 15:34:04.912133
493,0,bad,0.7273393789173589,0.2726606210826411,2025-09-01 15:34:04.912133
494,0,bad,0.526570174781196,0.47342982521880395,2025-09-01 15:34:04.912133
495,0,bad,0.99976353194574,0.00023646805426006152,2025-09-01 15:34:04.912133
496,1,good,0.4548459319729168,0.5451540680270832,2025-09-01 15:34:04.912133
497,1,good,0.05852927607528502,0.941470723924715,2025-09-01 15:34:04.912133
498,0,bad,0.7873831781052681,0.21261682189473183,2025-09-01 15:34:04.912133
499,0,bad,0.9643426920221079,0.0356573079778921,2025-09-01 15:34:04.912133
500,0,bad,0.9933042598403012,0.006695740159698801,2025-09-01 15:34:04.912133
501,0,bad,0.9979345570754876,0.0020654429245123653,2025-09-01 15:34:04.912133
502,0,bad,0.9981464930998174,0.001853506900182611,2025-09-01 15:34:04.912133
503,0,bad,0.8242825037381647,0.17571749626183533,2025-09-01 15:34:04.912133
504,0,bad,0.9643426920221079,0.0356573079778921,2025-09-01 15:34:04.912133
505,0,bad,0.9998054111093886,0.0001945888906114016,2025-09-01 15:34:04.912133
506,0,bad,0.7653694312147001,0.23463056878529986,2025-09-01 15:34:04.912133
507,0,bad,0.9959128113976558,0.0040871886023442884,2025-09-01 15:34:04.912133
508,1,good,0.0004436102886897775,0.9995563897113102,2025-09-01 15:34:04.912133
509,0,bad,0.714945993343547,0.285054006656453,2025-09-01 15:34:04.912133
510,1,good,0.00018087184350656926,0.9998191281564934,2025-09-01 15:34:04.912133
511,0,bad,0.9982516475560883,0.0017483524439117306,2025-09-01 15:34:04.912133
512,1,good,0.0002088426258832765,0.9997911573741167,2025-09-01 15:34:04.912133
513,0,bad,0.9989696239792432,0.0010303760207568573,2025-09-01 15:34:04.912133
514,0,bad,0.9961395318726985,0.0038604681273015024,2025-09-01 15:34:04.912133
515,0,bad,0.7098912209943378,0.2901087790056623,2025-09-01 15:34:04.912133
516,0,bad,0.998257094932404,0.0017429050675960547,2025-09-01 15:34:04.912133
517,0,bad,0.9982516475560883,0.0017483524439117306,2025-09-01 15:34:04.912133
518,0,bad,0.9550248323310296,0.044975167668970376,2025-09-01 15:34:04.912133
519,0,bad,0.9982516475560883,0.0017483524439117306,2025-09-01 15:34:04.912133
520,1,good,0.13217213405328498,0.867827865946715,2025-09-01 15:34:04.912133
521,0,bad,0.714945993343547,0.285054006656453,2025-09-01 15:34:04.912133
522,0,bad,0.9604187939615797,0.03958120603842032,2025-09-01 15:34:04.912133
523,0,bad,0.9643426920221079,0.0356573079778921,2025-09-01 15:34:04.912133
524,0,bad,0.986142585419828,0.013857414580171947,2025-09-01 15:34:04.912133
525,0,bad,0.9644500277411034,0.035549972258896514,2025-09-01 15:34:04.912133
526,0,bad,0.9981464930998174,0.001853506900182611,2025-09-01 15:34:04.912133
527,0,bad,0.9915598499091004,0.008440150090899623,2025-09-01 15:34:04.912133
528,0,bad,0.7267189921300892,0.27328100786991083,2025-09-01 15:34:04.912133
529,0,bad,0.99531238611498,0.0046876138850199985,2025-09-01 15:34:04.912133
530,0,bad,0.9982516475560883,0.0017483524439117306,2025-09-01 15:34:04.912133
531,0,bad,0.9979281037129776,0.0020718962870223813,2025-09-01 15:34:04.912133
532,0,bad,0.99976353194574,0.00023646805426006152,2025-09-01 15:34:04.912133
533,0,bad,0.9985130743557679,0.0014869256442321718,2025-09-01 15:34:04.912133
534,0,bad,0.714945993343547,0.285054006656453,2025-09-01 15:34:04.912133
535,1,good,0.07181924917392135,0.9281807508260786,2025-09-01 15:34:04.912133
536,0,bad,0.9989696239792432,0.0010303760207568573,2025-09-01 15:34:04.912133
537,1,good,1.8308880166628683e-05,0.9999816911198334,2025-09-01 15:34:04.912133
538,0,bad,0.9604187939615797,0.03958120603842032,2025-09-01 15:34:04.912133
539,1,good,0.0004436102886897775,0.9995563897113102,2025-09-01 15:34:04.912133
540,0,bad,0.7987736528370457,0.20122634716295434,2025-09-01 15:34:04.912133
541,0,bad,0.9961395318726985,0.0038604681273015024,2025-09-01 15:34:04.912133
542,0,bad,0.9860998018822376,0.013900198117762476,2025-09-01 15:34:04.912133
543,0,bad,0.5119652112400664,0.48803478875993356,2025-09-01 15:34:04.912133
544,0,bad,0.7982707215492216,0.20172927845077834,2025-09-01 15:34:04.912133
545,0,bad,0.9882486826865562,0.011751317313443796,2025-09-01 15:34:04.912133
546,0,bad,0.9981464930998174,0.001853506900182611,2025-09-01 15:34:04.912133
547,0,bad,0.990572719339671,0.009427280660329058,2025-09-01 15:34:04.912133
548,0,bad,0.7873831781052681,0.21261682189473183,2025-09-01 15:34:04.912133
549,0,bad,0.9664025264803798,0.033597473519620134,2025-09-01 15:34:04.912133
550,0,bad,0.819583846084744,0.18041615391525595,2025-09-01 15:34:04.912133
551,1,good,0.09376922304747504,0.906230776952525,2025-09-01 15:34:04.912133
552,0,bad,0.8075311879278588,0.19246881207214114,2025-09-01 15:34:04.912133
553,0,bad,0.9643426920221079,0.0356573079778921,2025-09-01 15:34:04.912133
554,0,bad,0.9982516475560883,0.0017483524439117306,2025-09-01 15:34:04.912133
555,1,good,0.0004718000219704477,0.9995281999780296,2025-09-01 15:34:04.912133
556,0,bad,0.9663008799391523,0.033699120060847694,2025-09-01 15:34:04.912133
557,0,bad,0.9979345570754876,0.0020654429245123653,2025-09-01 15:34:04.912133
558,0,bad,0.7552777222690609,0.24472227773093913,2025-09-01 15:34:04.912133
559,0,bad,0.9602997877950221,0.039700212204977894,2025-09-01 15:34:04.912133
560,0,bad,0.9643426920221079,0.0356573079778921,2025-09-01 15:34:04.912133
561,0,bad,0.9432255097439088,0.056774490256091124,2025-09-01 15:34:04.912133
562,0,bad,0.9961395318726985,0.0038604681273015024,2025-09-01 15:34:04.912133
563,0,bad,0.8247348232544351,0.17526517674556488,2025-09-01 15:34:04.912133
564,0,bad,0.9418079216052305,0.058192078394769524,2025-09-01 15:34:04.912133
565,1,good,1.1971210606587235e-05,0.9999880287893934,2025-09-01 15:34:04.912133
566,0,bad,0.9961395318726985,0.0038604681273015024,2025-09-01 15:34:04.912133
567,0,bad,0.9982516475560883,0.0017483524439117306,2025-09-01 15:34:04.912133
568,1,good,0.1665734874523377,0.8334265125476623,2025-09-01 15:34:04.912133
569,1,good,0.4548459319729168,0.5451540680270832,2025-09-01 15:34:04.912133
570,0,bad,0.9644500277411034,0.035549972258896514,2025-09-01 15:34:04.912133
571,0,bad,0.99531238611498,0.0046876138850199985,2025-09-01 15:34:04.912133
572,0,bad,0.7873831781052681,0.21261682189473183,2025-09-01 15:34:04.912133
573,1,good,0.0003534394269598673,0.9996465605730401,2025-09-01 15:34:04.912133
574,0,bad,0.9981522675015176,0.0018477324984823742,2025-09-01 15:34:04.912133
575,0,bad,0.9663008799391523,0.033699120060847694,2025-09-01 15:34:04.912133
576,0,bad,0.6923333710116788,0.3076666289883212,2025-09-01 15:34:04.912133
577,0,bad,0.9625841092895264,0.03741589071047352,2025-09-01 15:34:04.912133
578,0,bad,0.820045620026205,0.17995437997379501,2025-09-01 15:34:04.912133
579,0,bad,0.9979281037129776,0.0020718962870223813,2025-09-01 15:34:04.912133
580,0,bad,0.9875494047964047,0.01245059520359527,2025-09-01 15:34:04.912133
581,0,bad,0.9981464930998174,0.001853506900182611,2025-09-01 15:34:04.912133
582,0,bad,0.9980456237301107,0.0019543762698892245,2025-09-01 15:34:04.912133
583,0,bad,0.9550248323310296,0.044975167668970376,2025-09-01 15:34:04.912133
584,0,bad,0.99531238611498,0.0046876138850199985,2025-09-01 15:34:04.912133
585,1,good,5.189969726093757e-06,0.9999948100302739,2025-09-01 15:34:04.912133
586,0,bad,0.99531238611498,0.0046876138850199985,2025-09-01 15:34:04.912133
587,0,bad,0.99976353194574,0.00023646805426006152,2025-09-01 15:34:04.912133
588,0,bad,0.9663008799391523,0.033699120060847694,2025-09-01 15:34:04.912133
589,0,bad,0.9981464930998174,0.001853506900182611,2025-09-01 15:34:04.912133
590,0,bad,0.9624713590396403,0.037528640960359676,2025-09-01 15:34:04.912133
591,0,bad,0.9664025264803798,0.033597473519620134,2025-09-01 15:34:04.912133
592,0,bad,0.9914195169080097,0.008580483091990304,2025-09-01 15:34:04.912133
593,0,bad,0.789338610398482,0.210661389601518,2025-09-01 15:34:04.912133
594,0,bad,0.99976353194574,0.00023646805426006152,2025-09-01 15:34:04.912133
595,1,good,1.7214470258486436e-05,0.9999827855297415,2025-09-01 15:34:04.912133
596,0,bad,0.998257094932404,0.0017429050675960547,2025-09-01 15:34:04.912133
597,0,bad,0.9998054111093886,0.0001945888906114016,2025-09-01 15:34:04.912133
598,0,bad,0.9979281037129776,0.0020718962870223813,2025-09-01 15:34:04.912133
599,0,bad,0.9905434822869185,0.009456517713081524,2025-09-01 15:34:04.912133
600,0,bad,0.9905434822869185,0.009456517713081524,2025-09-01 15:34:04.912133
601,0,bad,0.9625841092895264,0.03741589071047352,2025-09-01 15:34:04.912133
602,0,bad,0.9664025264803798,0.033597473519620134,2025-09-01 15:34:04.912133
603,0,bad,0.9981522675015176,0.0018477324984823742,2025-09-01 15:34:04.912133
604,1,good,0.00014189380177986877,0.9998581061982201,2025-09-01 15:34:04.912133
605,0,bad,0.8247348232544351,0.17526517674556488,2025-09-01 15:34:04.912133
606,0,bad,0.9713774764758953,0.028622523524104618,2025-09-01 15:34:04.912133
607,1,good,0.00014145099121187776,0.9998585490087881,2025-09-01 15:34:04.912133
608,0,bad,0.9604187939615797,0.03958120603842032,2025-09-01 15:34:04.912133
609,0,bad,0.7681010896073843,0.23189891039261573,2025-09-01 15:34:04.912133
610,0,bad,0.7546994649236297,0.24530053507637026,2025-09-01 15:34:04.912133
611,0,bad,0.998257094932404,0.0017429050675960547,2025-09-01 15:34:04.912133
612,0,bad,0.9933250188175841,0.006674981182415927,2025-09-01 15:34:04.912133
613,0,bad,0.5270565338215468,0.4729434661784532,2025-09-01 15:34:04.912133
614,0,bad,0.99976353194574,0.00023646805426006152,2025-09-01 15:34:04.912133
615,0,bad,0.7155826465599904,0.28441735344000957,2025-09-01 15:34:04.912133
616,1,good,1.1662036104032047e-05,0.999988337963896,2025-09-01 15:34:04.912133
617,1,good,2.7816372838662673e-05,0.9999721836271613,2025-09-01 15:34:04.912133
618,0,bad,0.99976353194574,0.00023646805426006152,2025-09-01 15:34:04.912133
619,0,bad,0.99531238611498,0.0046876138850199985,2025-09-01 15:34:04.912133
620,0,bad,0.9882486826865562,0.011751317313443796,2025-09-01 15:34:04.912133
621,0,bad,0.9979281037129776,0.0020718962870223813,2025-09-01 15:34:04.912133
622,0,bad,0.9915336481025163,0.008466351897483633,2025-09-01 15:34:04.912133
623,0,bad,0.7832234404190069,0.21677655958099307,2025-09-01 15:34:04.912133
624,0,bad,0.9961395318726985,0.0038604681273015024,2025-09-01 15:34:04.912133
625,0,bad,0.9602997877950221,0.039700212204977894,2025-09-01 15:34:04.912133
626,1,good,0.12560400768446878,0.8743959923155312,2025-09-01 15:34:04.912133
627,0,bad,0.8075287900365345,0.19247120996346548,2025-09-01 15:34:04.912133
628,0,bad,0.9982516475560883,0.0017483524439117306,2025-09-01 15:34:04.912133
629,0,bad,0.8229192190287605,0.17708078097123947,2025-09-01 15:34:04.912133
630,0,bad,0.7217917488056362,0.2782082511943638,2025-09-01 15:34:04.912133
631,0,bad,0.9604187939615797,0.03958120603842032,2025-09-01 15:34:04.912133
632,0,bad,0.9643426920221079,0.0356573079778921,2025-09-01 15:34:04.912133
633,0,bad,0.5119652112400664,0.48803478875993356,2025-09-01 15:34:04.912133
634,0,bad,0.9550248323310296,0.044975167668970376,2025-09-01 15:34:04.912133
635,0,bad,0.9981522675015176,0.0018477324984823742,2025-09-01 15:34:04.912133
636,0,bad,0.9882486826865562,0.011751317313443796,2025-09-01 15:34:04.912133
637,0,bad,0.7987761326238167,0.20122386737618325,2025-09-01 15:34:04.912133
638,0,bad,0.6436007374991983,0.3563992625008017,2025-09-01 15:34:04.912133
639,0,bad,0.7975191276592355,0.20248087234076456,2025-09-01 15:34:04.912133
640,0,bad,0.9602997877950221,0.039700212204977894,2025-09-01 15:34:04.912133
641,0,bad,0.9981522675015176,0.0018477324984823742,2025-09-01 15:34:04.912133
642,0,bad,0.9643426920221079,0.0356573079778921,2025-09-01 15:34:04.912133
643,1,good,0.0002088426258832765,0.9997911573741167,2025-09-01 15:34:04.912133
644,0,bad,0.7873831781052681,0.21261682189473183,2025-09-01 15:34:04.912133
645,1,good,0.0004436102886897775,0.9995563897113102,2025-09-01 15:34:04.912133
646,0,bad,0.9378930060190748,0.06210699398092522,2025-09-01 15:34:04.912133
647,0,bad,0.9602997877950221,0.039700212204977894,2025-09-01 15:34:04.912133
648,0,bad,0.9925428978167814,0.00745710218321856,2025-09-01 15:34:04.912133
649,0,bad,0.9929036606054369,0.007096339394563152,2025-09-01 15:34:04.912133
650,0,bad,0.9998054111093886,0.0001945888906114016,2025-09-01 15:34:04.912133
651,1,good,0.0004436102886897775,0.9995563897113102,2025-09-01 15:34:04.912133
652,0,bad,0.9663008799391523,0.033699120060847694,2025-09-01 15:34:04.912133
653,0,bad,0.9979281037129776,0.0020718962870223813,2025-09-01 15:34:04.912133
654,1,good,0.0004436102886897775,0.9995563897113102,2025-09-01 15:34:04.912133
655,0,bad,0.9905434822869185,0.009456517713081524,2025-09-01 15:34:04.912133
656,0,bad,0.9979281037129776,0.0020718962870223813,2025-09-01 15:34:04.912133
657,0,bad,0.9982516475560883,0.0017483524439117306,2025-09-01 15:34:04.912133
658,1,good,0.10015125946539105,0.899848740534609,2025-09-01 15:34:04.912133
659,0,bad,0.9979345570754876,0.0020654429245123653,2025-09-01 15:34:04.912133
660,0,bad,0.9643426920221079,0.0356573079778921,2025-09-01 15:34:04.912133
661,0,bad,0.973860913876503,0.026139086123496975,2025-09-01 15:34:04.912133
662,0,bad,0.9567981401860034,0.0432018598139966,2025-09-01 15:34:04.912133
663,0,bad,0.6916670996885119,0.3083329003114881,2025-09-01 15:34:04.912133
664,1,good,0.00047032815135361616,0.9995296718486464,2025-09-01 15:34:04.912133
665,0,bad,0.9933250188175841,0.006674981182415927,2025-09-01 15:34:04.912133
666,1,good,0.00018087184350656926,0.9998191281564934,2025-09-01 15:34:04.912133
667,0,bad,0.5262772468170006,0.4737227531829994,2025-09-01 15:34:04.912133
668,0,bad,0.986142585419828,0.013857414580171947,2025-09-01 15:34:04.912133
669,0,bad,0.99976353194574,0.00023646805426006152,2025-09-01 15:34:04.912133
670,0,bad,0.7982707215492216,0.20172927845077834,2025-09-01 15:34:04.912133
671,0,bad,0.9860998018822376,0.013900198117762476,2025-09-01 15:34:04.912133
672,0,bad,0.9915336481025163,0.008466351897483633,2025-09-01 15:34:04.912133
673,1,good,0.00015826976475163956,0.9998417302352484,2025-09-01 15:34:04.912133
674,0,bad,0.9906129946946105,0.009387005305389492,2025-09-01 15:34:04.912133
675,0,bad,0.9900529922589694,0.009947007741030625,2025-09-01 15:34:04.912133
676,1,good,0.015920773000715593,0.9840792269992844,2025-09-01 15:34:04.912133
677,0,bad,0.7873831781052681,0.21261682189473183,2025-09-01 15:34:04.912133
678,0,bad,0.9781541915113353,0.021845808488664707,2025-09-01 15:34:04.912133
679,0,bad,0.99531238611498,0.0046876138850199985,2025-09-01 15:34:04.912133
680,0,bad,0.7155826465599904,0.28441735344000957,2025-09-01 15:34:04.912133
681,0,bad,0.9882849307420873,0.011715069257912656,2025-09-01 15:34:04.912133
682,1,good,0.1080449931528763,0.8919550068471237,2025-09-01 15:34:04.912133
683,0,bad,0.7873831781052681,0.21261682189473183,2025-09-01 15:34:04.912133
684,0,bad,0.714945993343547,0.285054006656453,2025-09-01 15:34:04.912133
685,0,bad,0.9981464930998174,0.001853506900182611,2025-09-01 15:34:04.912133
686,0,bad,0.7896470000966817,0.21035299990331835,2025-09-01 15:34:04.912133
687,1,good,0.15394527349051434,0.8460547265094857,2025-09-01 15:34:04.912133
688,0,bad,0.9979281037129776,0.0020718962870223813,2025-09-01 15:34:04.912133
689,0,bad,0.7783593158960985,0.22164068410390145,2025-09-01 15:34:04.912133
690,0,bad,0.9591070424801685,0.04089295751983146,2025-09-01 15:34:04.912133
691,0,bad,0.9643426920221079,0.0356573079778921,2025-09-01 15:34:04.912133
692,0,bad,0.9604187939615797,0.03958120603842032,2025-09-01 15:34:04.912133
693,0,bad,0.9602997877950221,0.039700212204977894,2025-09-01 15:34:04.912133
694,0,bad,0.9462787837892078,0.053721216210792226,2025-09-01 15:34:04.912133
695,0,bad,0.6916670996885119,0.3083329003114881,2025-09-01 15:34:04.912133
696,0,bad,0.9983746544412497,0.0016253455587502596,2025-09-01 15:34:04.912133
697,0,bad,0.9663008799391523,0.033699120060847694,2025-09-01 15:34:04.912133
698,0,bad,0.9920357008261574,0.007964299173842518,2025-09-01 15:34:04.912133
699,0,bad,0.714945993343547,0.285054006656453,2025-09-01 15:34:04.912133
700,1,good,0.35081238789891345,0.6491876121010866,2025-09-01 15:34:04.912133
701,0,bad,0.951036551073976,0.04896344892602395,2025-09-01 15:34:04.912133
702,0,bad,0.9981464930998174,0.001853506900182611,2025-09-01 15:34:04.912133
703,0,bad,0.8161159221422816,0.1838840778577184,2025-09-01 15:34:04.912133
704,0,bad,0.9979281037129776,0.0020718962870223813,2025-09-01 15:34:04.912133
705,0,bad,0.9979345570754876,0.0020654429245123653,2025-09-01 15:34:04.912133
706,0,bad,0.9946339755421532,0.005366024457846809,2025-09-01 15:34:04.912133
707,0,bad,0.9981464930998174,0.001853506900182611,2025-09-01 15:34:04.912133
708,0,bad,0.99531238611498,0.0046876138850199985,2025-09-01 15:34:04.912133
709,0,bad,0.9664025264803798,0.033597473519620134,2025-09-01 15:34:04.912133
710,0,bad,0.9624713590396403,0.037528640960359676,2025-09-01 15:34:04.912133
711,1,good,0.000421260594342332,0.9995787394056577,2025-09-01 15:34:04.912133
712,0,bad,0.998257094932404,0.0017429050675960547,2025-09-01 15:34:04.912133
713,1,good,4.879736423935022e-06,0.9999951202635761,2025-09-01 15:34:04.912133
714,0,bad,0.9663008799391523,0.033699120060847694,2025-09-01 15:34:04.912133
715,1,good,0.0005460376993340343,0.999453962300666,2025-09-01 15:34:04.912133
716,0,bad,0.7546994649236297,0.24530053507637026,2025-09-01 15:34:04.912133
717,1,good,0.10253417595555103,0.897465824044449,2025-09-01 15:34:04.912133
718,1,good,0.0002670397774866551,0.9997329602225133,2025-09-01 15:34:04.912133
719,1,good,0.12010063967494444,0.8798993603250556,2025-09-01 15:34:04.912133
720,0,bad,0.9981464930998174,0.001853506900182611,2025-09-01 15:34:04.912133
721,1,good,0.008516923799247733,0.9914830762007523,2025-09-01 15:34:04.912133
722,0,bad,0.9863595323442652,0.013640467655734833,2025-09-01 15:34:04.912133
723,0,bad,0.998257094932404,0.0017429050675960547,2025-09-01 15:34:04.912133
724,0,bad,0.9784403824105915,0.021559617589408536,2025-09-01 15:34:04.912133
725,0,bad,0.9981935627166515,0.0018064372833485223,2025-09-01 15:34:04.912133
726,0,bad,0.7290403539271353,0.27095964607286477,2025-09-01 15:34:04.912133
727,0,bad,0.7982732059685718,0.20172679403142826,2025-09-01 15:34:04.912133
728,0,bad,0.9961395318726985,0.0038604681273015024,2025-09-01 15:34:04.912133
729,0,bad,0.9998054111093886,0.0001945888906114016,2025-09-01 15:34:04.912133
730,0,bad,0.8347559448795245,0.16524405512047552,2025-09-01 15:34:04.912133
731,0,bad,0.9643426920221079,0.0356573079778921,2025-09-01 15:34:04.912133
732,0,bad,0.9961395318726985,0.0038604681273015024,2025-09-01 15:34:04.912133
733,0,bad,0.9664025264803798,0.033597473519620134,2025-09-01 15:34:04.912133
734,0,bad,0.9508138021518686,0.04918619784813134,2025-09-01 15:34:04.912133
735,0,bad,0.9911037247967623,0.008896275203237618,2025-09-01 15:34:04.912133
736,0,bad,0.9433926810493991,0.05660731895060087,2025-09-01 15:34:04.912133
737,1,good,0.04281314907226397,0.957186850927736,2025-09-01 15:34:04.912133
738,0,bad,0.9979281037129776,0.0020718962870223813,2025-09-01 15:34:04.912133
739,1,good,0.00019176847050883516,0.9998082315294912,2025-09-01 15:34:04.912133
740,0,bad,0.99976353194574,0.00023646805426006152,2025-09-01 15:34:04.912133
741,0,bad,0.9979281037129776,0.0020718962870223813,2025-09-01 15:34:04.912133
742,0,bad,0.9663008799391523,0.033699120060847694,2025-09-01 15:34:04.912133
743,1,good,0.07181924917392135,0.9281807508260786,2025-09-01 15:34:04.912133
744,0,bad,0.9713774764758953,0.028622523524104618,2025-09-01 15:34:04.912133
745,1,good,1.1662036104032047e-05,0.999988337963896,2025-09-01 15:34:04.912133
746,0,bad,0.9981464930998174,0.001853506900182611,2025-09-01 15:34:04.912133
747,0,bad,0.99976353194574,0.00023646805426006152,2025-09-01 15:34:04.912133
748,0,bad,0.998257094932404,0.0017429050675960547,2025-09-01 15:34:04.912133
749,0,bad,0.7546994649236297,0.24530053507637026,2025-09-01 15:34:04.912133
750,0,bad,0.9905434822869185,0.009456517713081524,2025-09-01 15:34:04.912133
751,0,bad,0.9664025264803798,0.033597473519620134,2025-09-01 15:34:04.912133
752,0,bad,0.9981522675015176,0.0018477324984823742,2025-09-01 15:34:04.912133
753,0,bad,0.9998054111093886,0.0001945888906114016,2025-09-01 15:34:04.912133
754,0,bad,0.7155826465599904,0.28441735344000957,2025-09-01 15:34:04.912133
755,1,good,0.07818284740242898,0.921817152597571,2025-09-01 15:34:04.912133
756,0,bad,0.9914195169080097,0.008580483091990304,2025-09-01 15:34:04.912133
757,0,bad,0.9933042598403012,0.006695740159698801,2025-09-01 15:34:04.912133
758,1,good,0.14647778385399235,0.8535222161460077,2025-09-01 15:34:04.912133
759,0,bad,0.9915336481025163,0.008466351897483633,2025-09-01 15:34:04.912133
760,0,bad,0.9982516475560883,0.0017483524439117306,2025-09-01 15:34:04.912133
761,0,bad,0.7552777222690609,0.24472227773093913,2025-09-01 15:34:04.912133
762,0,bad,0.99531238611498,0.0046876138850199985,2025-09-01 15:34:04.912133
763,0,bad,0.9624713590396403,0.037528640960359676,2025-09-01 15:34:04.912133
764,1,good,4.7537090276383864e-06,0.9999952462909724,2025-09-01 15:34:04.912133
765,0,bad,0.9860998018822376,0.013900198117762476,2025-09-01 15:34:04.912133
766,0,bad,0.9663008799391523,0.033699120060847694,2025-09-01 15:34:04.912133
767,0,bad,0.9602997877950221,0.039700212204977894,2025-09-01 15:34:04.912133
768,0,bad,0.9422490790733766,0.057750920926623414,2025-09-01 15:34:04.912133
769,0,bad,0.99531238611498,0.0046876138850199985,2025-09-01 15:34:04.912133
770,0,bad,0.7267189921300892,0.27328100786991083,2025-09-01 15:34:04.912133
771,0,bad,0.9883104959293962,0.01168950407060377,2025-09-01 15:34:04.912133
772,1,good,0.0004449985841922244,0.9995550014158078,2025-09-01 15:34:04.912133
773,1,good,0.0002088426258832765,0.9997911573741167,2025-09-01 15:34:04.912133
774,0,bad,0.6916670996885119,0.3083329003114881,2025-09-01 15:34:04.912133
775,0,bad,0.9969308873715099,0.0030691126284900826,2025-09-01 15:34:04.912133
776,0,bad,0.9914195169080097,0.008580483091990304,2025-09-01 15:34:04.912133
777,0,bad,0.9905434822869185,0.009456517713081524,2025-09-01 15:34:04.912133
778,0,bad,0.9604187939615797,0.03958120603842032,2025-09-01 15:34:04.912133
779,1,good,8.519181792232544e-06,0.9999914808182078,2025-09-01 15:34:04.912133
780,0,bad,0.9604187939615797,0.03958120603842032,2025-09-01 15:34:04.912133
781,0,bad,0.9602997877950221,0.039700212204977894,2025-09-01 15:34:04.912133
782,0,bad,0.7166941685878494,0.28330583141215065,2025-09-01 15:34:04.912133
783,0,bad,0.9982516475560883,0.0017483524439117306,2025-09-01 15:34:04.912133
784,0,bad,0.998257094932404,0.0017429050675960547,2025-09-01 15:34:04.912133
785,1,good,1.7214470258486436e-05,0.9999827855297415,2025-09-01 15:34:04.912133
786,0,bad,0.928940715502912,0.07105928449708795,2025-09-01 15:34:04.912133
787,0,bad,0.8229192190287605,0.17708078097123947,2025-09-01 15:34:04.912133
788,0,bad,0.7832234404190069,0.21677655958099307,2025-09-01 15:34:04.912133
789,0,bad,0.9981464930998174,0.001853506900182611,2025-09-01 15:34:04.912133
790,0,bad,0.9981464930998174,0.001853506900182611,2025-09-01 15:34:04.912133
791,0,bad,0.9981522675015176,0.0018477324984823742,2025-09-01 15:34:04.912133
792,1,good,7.017029539868602e-06,0.9999929829704601,2025-09-01 15:34:04.912133
793,1,good,0.09350392000180585,0.9064960799981941,2025-09-01 15:34:04.912133
794,0,bad,0.7982707215492216,0.20172927845077834,2025-09-01 15:34:04.912133
795,0,bad,0.9545154666895309,0.04548453331046905,2025-09-01 15:34:04.912133
796,0,bad,0.9458671494514354,0.05413285054856463,2025-09-01 15:34:04.912133
797,0,bad,0.9543138742005394,0.04568612579946058,2025-09-01 15:34:04.912133
798,0,bad,0.9550248323310296,0.044975167668970376,2025-09-01 15:34:04.912133
799,0,bad,0.7546994649236297,0.24530053507637026,2025-09-01 15:34:04.912133
800,0,bad,0.9567981401860034,0.0432018598139966,2025-09-01 15:34:04.912133
801,0,bad,0.9875494047964047,0.01245059520359527,2025-09-01 15:34:04.912133
802,0,bad,0.9961395318726985,0.0038604681273015024,2025-09-01 15:34:04.912133
803,0,bad,0.9604187939615797,0.03958120603842032,2025-09-01 15:34:04.912133
804,1,good,0.13217213405328498,0.867827865946715,2025-09-01 15:34:04.912133
805,0,bad,0.9914195169080097,0.008580483091990304,2025-09-01 15:34:04.912133
806,0,bad,0.9981464930998174,0.001853506900182611,2025-09-01 15:34:04.912133
807,0,bad,0.9663008799391523,0.033699120060847694,2025-09-01 15:34:04.912133
808,1,good,0.09350392000180585,0.9064960799981941,2025-09-01 15:34:04.912133
809,1,good,0.0004436102886897775,0.9995563897113102,2025-09-01 15:34:04.912133
810,0,bad,0.9998054111093886,0.0001945888906114016,2025-09-01 15:34:04.912133
811,0,bad,0.9982516475560883,0.0017483524439117306,2025-09-01 15:34:04.912133
812,0,bad,0.9663008799391523,0.033699120060847694,2025-09-01 15:34:04.912133
813,0,bad,0.9981464930998174,0.001853506900182611,2025-09-01 15:34:04.912133
814,0,bad,0.9979281037129776,0.0020718962870223813,2025-09-01 15:34:04.912133
815,0,bad,0.9979281037129776,0.0020718962870223813,2025-09-01 15:34:04.912133
816,0,bad,0.9998054111093886,0.0001945888906114016,2025-09-01 15:34:04.912133
817,0,bad,0.9925197247853559,0.00748027521464412,2025-09-01 15:34:04.912133
818,0,bad,0.9550248323310296,0.044975167668970376,2025-09-01 15:34:04.912133
819,1,good,0.00033798823424602276,0.999662011765754,2025-09-01 15:34:04.912133
820,0,bad,0.9643426920221079,0.0356573079778921,2025-09-01 15:34:04.912133
821,0,bad,0.9882486826865562,0.011751317313443796,2025-09-01 15:34:04.912133
822,0,bad,0.8075287900365345,0.19247120996346548,2025-09-01 15:34:04.912133
823,0,bad,0.9602997877950221,0.039700212204977894,2025-09-01 15:34:04.912133
824,0,bad,0.9982516475560883,0.0017483524439117306,2025-09-01 15:34:04.912133
825,1,good,0.0002088426258832765,0.9997911573741167,2025-09-01 15:34:04.912133
826,0,bad,0.9981464930998174,0.001853506900182611,2025-09-01 15:34:04.912133
827,0,bad,0.99976353194574,0.00023646805426006152,2025-09-01 15:34:04.912133
828,0,bad,0.9905434822869185,0.009456517713081524,2025-09-01 15:34:04.912133
829,0,bad,0.9543138742005394,0.04568612579946058,2025-09-01 15:34:04.912133
830,0,bad,0.9543138742005394,0.04568612579946058,2025-09-01 15:34:04.912133
831,0,bad,0.9900529922589694,0.009947007741030625,2025-09-01 15:34:04.912133
832,0,bad,0.9998054111093886,0.0001945888906114016,2025-09-01 15:34:04.912133
833,0,bad,0.99976353194574,0.00023646805426006152,2025-09-01 15:34:04.912133
834,0,bad,0.5127462440109654,0.4872537559890346,2025-09-01 15:34:04.912133
835,0,bad,0.7987736528370457,0.20122634716295434,2025-09-01 15:34:04.912133
836,0,bad,0.9982516475560883,0.0017483524439117306,2025-09-01 15:34:04.912133
837,1,good,0.09376922304747504,0.906230776952525,2025-09-01 15:34:04.912133
838,0,bad,0.9550248323310296,0.044975167668970376,2025-09-01 15:34:04.912133
839,0,bad,0.9979281037129776,0.0020718962870223813,2025-09-01 15:34:04.912133
840,0,bad,0.6916670996885119,0.3083329003114881,2025-09-01 15:34:04.912133
841,0,bad,0.9643426920221079,0.0356573079778921,2025-09-01 15:34:04.912133
842,0,bad,0.9860998018822376,0.013900198117762476,2025-09-01 15:34:04.912133
843,0,bad,0.7155826465599904,0.28441735344000957,2025-09-01 15:34:04.912133
844,0,bad,0.9875494047964047,0.01245059520359527,2025-09-01 15:34:04.912133
845,0,bad,0.6916670996885119,0.3083329003114881,2025-09-01 15:34:04.912133
846,1,good,0.4548459319729168,0.5451540680270832,2025-09-01 15:34:04.912133
847,0,bad,0.9378930060190748,0.06210699398092522,2025-09-01 15:34:04.912133
848,0,bad,0.9875494047964047,0.01245059520359527,2025-09-01 15:34:04.912133
849,0,bad,0.9663008799391523,0.033699120060847694,2025-09-01 15:34:04.912133
850,0,bad,0.9663008799391523,0.033699120060847694,2025-09-01 15:34:04.912133
851,0,bad,0.99976353194574,0.00023646805426006152,2025-09-01 15:34:04.912133
852,0,bad,0.7098912209943378,0.2901087790056623,2025-09-01 15:34:04.912133
853,0,bad,0.7873831781052681,0.21261682189473183,2025-09-01 15:34:04.912133
854,0,bad,0.9981464930998174,0.001853506900182611,2025-09-01 15:34:04.912133
855,0,bad,0.9857365429222749,0.01426345707772515,2025-09-01 15:34:04.912133
856,0,bad,0.9915336481025163,0.008466351897483633,2025-09-01 15:34:04.912133
857,0,bad,0.8285190325483923,0.17148096745160765,2025-09-01 15:34:04.912133
858,0,bad,0.6916670996885119,0.3083329003114881,2025-09-01 15:34:04.912133
859,0,bad,0.9979345570754876,0.0020654429245123653,2025-09-01 15:34:04.912133
860,0,bad,0.9981935627166515,0.0018064372833485223,2025-09-01 15:34:04.912133
861,0,bad,0.7166941685878494,0.28330583141215065,2025-09-01 15:34:04.912133
862,0,bad,0.9860998018822376,0.013900198117762476,2025-09-01 15:34:04.912133
863,0,bad,0.9604187939615797,0.03958120603842032,2025-09-01 15:34:04.912133
864,1,good,0.1665734874523377,0.8334265125476623,2025-09-01 15:34:04.912133
865,0,bad,0.9458671494514354,0.05413285054856463,2025-09-01 15:34:04.912133
866,0,bad,0.9342654796408826,0.06573452035911738,2025-09-01 15:34:04.912133
867,0,bad,0.9604187939615797,0.03958120603842032,2025-09-01 15:34:04.912133
868,0,bad,0.7040034905179611,0.295996509482039,2025-09-01 15:34:04.912133
869,0,bad,0.819583846084744,0.18041615391525595,2025-09-01 15:34:04.912133
870,0,bad,0.9961395318726985,0.0038604681273015024,2025-09-01 15:34:04.912133
871,0,bad,0.8542533218515777,0.14574667814842232,2025-09-01 15:34:04.912133
872,0,bad,0.9933042598403012,0.006695740159698801,2025-09-01 15:34:04.912133
873,0,bad,0.9981464930998174,0.001853506900182611,2025-09-01 15:34:04.912133
874,0,bad,0.7552777222690609,0.24472227773093913,2025-09-01 15:34:04.912133
875,0,bad,0.9624713590396403,0.037528640960359676,2025-09-01 15:34:04.912133
876,0,bad,0.9329033424593426,0.06709665754065737,2025-09-01 15:34:04.912133
877,1,good,0.0004436102886897775,0.9995563897113102,2025-09-01 15:34:04.912133
878,0,bad,0.6916670996885119,0.3083329003114881,2025-09-01 15:34:04.912133
879,1,good,0.00047032815135361616,0.9995296718486464,2025-09-01 15:34:04.912133
880,1,good,0.12560400768446878,0.8743959923155312,2025-09-01 15:34:04.912133
881,1,good,0.0002670397774866551,0.9997329602225133,2025-09-01 15:34:04.912133
882,0,bad,0.7546994649236297,0.24530053507637026,2025-09-01 15:34:04.912133
883,0,bad,0.9432255097439088,0.056774490256091124,2025-09-01 15:34:04.912133
884,0,bad,0.7155826465599904,0.28441735344000957,2025-09-01 15:34:04.912133
885,0,bad,0.9602997877950221,0.039700212204977894,2025-09-01 15:34:04.912133
886,0,bad,0.998257094932404,0.0017429050675960547,2025-09-01 15:34:04.912133
887,0,bad,0.9432255097439088,0.056774490256091124,2025-09-01 15:34:04.912133
888,0,bad,0.99787329142903,0.002126708570970004,2025-09-01 15:34:04.912133
889,1,good,0.0002670397774866551,0.9997329602225133,2025-09-01 15:34:04.912133
890,0,bad,0.9570768485964415,0.04292315140355852,2025-09-01 15:34:04.912133
891,1,good,0.000346945704354118,0.9996530542956459,2025-09-01 15:34:04.912133
892,0,bad,0.714945993343547,0.285054006656453,2025-09-01 15:34:04.912133
893,0,bad,0.9980456237301107,0.0019543762698892245,2025-09-01 15:34:04.912133
894,0,bad,0.9981464930998174,0.001853506900182611,2025-09-01 15:34:04.912133
895,1,good,0.08866104575758993,0.9113389542424101,2025-09-01 15:34:04.912133
896,1,good,1.0360823504584893e-05,0.9999896391764954,2025-09-01 15:34:04.912133
897,1,good,0.04281314907226397,0.957186850927736,2025-09-01 15:34:04.912133
898,1,good,0.11160253378996299,0.888397466210037,2025-09-01 15:34:04.912133
899,1,good,0.3403355192328008,0.6596644807671992,2025-09-01 15:34:04.912133
900,0,bad,0.9602997877950221,0.039700212204977894,2025-09-01 15:34:04.912133
901,0,bad,0.99976353194574,0.00023646805426006152,2025-09-01 15:34:04.912133
902,0,bad,0.7098912209943378,0.2901087790056623,2025-09-01 15:34:04.912133
903,0,bad,0.7044729628910008,0.2955270371089992,2025-09-01 15:34:04.912133
904,1,good,0.41351400633908686,0.5864859936609131,2025-09-01 15:34:04.912133
905,1,good,0.0002670397774866551,0.9997329602225133,2025-09-01 15:34:04.912133
906,1,good,0.05852927607528502,0.941470723924715,2025-09-01 15:34:04.912133
907,0,bad,0.9432255097439088,0.056774490256091124,2025-09-01 15:34:04.912133
908,0,bad,0.9432255097439088,0.056774490256091124,2025-09-01 15:34:04.912133
909,0,bad,0.986142585419828,0.013857414580171947,2025-09-01 15:34:04.912133
910,0,bad,0.9464374753210373,0.05356252467896267,2025-09-01 15:34:04.912133
911,0,bad,0.768657438887386,0.23134256111261398,2025-09-01 15:34:04.912133
912,0,bad,0.9604187939615797,0.03958120603842032,2025-09-01 15:34:04.912133
913,1,good,0.4556211772816424,0.5443788227183576,2025-09-01 15:34:04.912133
914,0,bad,0.8194516285615596,0.1805483714384404,2025-09-01 15:34:04.912133
915,0,bad,0.99976353194574,0.00023646805426006152,2025-09-01 15:34:04.912133
916,1,good,0.00033904609357759963,0.9996609539064224,2025-09-01 15:34:04.912133
917,0,bad,0.9910761197281469,0.008923880271853136,2025-09-01 15:34:04.912133
918,1,good,0.0003583469480926693,0.9996416530519073,2025-09-01 15:34:04.912133
919,0,bad,0.9602997877950221,0.039700212204977894,2025-09-01 15:34:04.912133
920,1,good,0.04281314907226397,0.957186850927736,2025-09-01 15:34:04.912133
921,0,bad,0.7155826465599904,0.28441735344000957,2025-09-01 15:34:04.912133
922,1,good,0.00028542246875307153,0.9997145775312469,2025-09-01 15:34:04.912133
923,0,bad,0.9961395318726985,0.0038604681273015024,2025-09-01 15:34:04.912133
924,0,bad,0.99976353194574,0.00023646805426006152,2025-09-01 15:34:04.912133
925,0,bad,0.9643426920221079,0.0356573079778921,2025-09-01 15:34:04.912133
926,0,bad,0.9982516475560883,0.0017483524439117306,2025-09-01 15:34:04.912133
927,0,bad,0.9961395318726985,0.0038604681273015024,2025-09-01 15:34:04.912133
928,0,bad,0.99787329142903,0.002126708570970004,2025-09-01 15:34:04.912133
929,1,good,0.08866104575758993,0.9113389542424101,2025-09-01 15:34:04.912133
930,0,bad,0.9982516475560883,0.0017483524439117306,2025-09-01 15:34:04.912133
931,0,bad,0.9643426920221079,0.0356573079778921,2025-09-01 15:34:04.912133
932,0,bad,0.9664025264803798,0.033597473519620134,2025-09-01 15:34:04.912133
933,0,bad,0.9882486826865562,0.011751317313443796,2025-09-01 15:34:04.912133
934,0,bad,0.8075311879278588,0.19246881207214114,2025-09-01 15:34:04.912133
935,0,bad,0.9664025264803798,0.033597473519620134,2025-09-01 15:34:04.912133
936,1,good,0.0004436102886897775,0.9995563897113102,2025-09-01 15:34:04.912133
937,0,bad,0.8247348232544351,0.17526517674556488,2025-09-01 15:34:04.912133
938,1,good,0.04281314907226397,0.957186850927736,2025-09-01 15:34:04.912133
939,0,bad,0.9988796422381633,0.0011203577618367647,2025-09-01 15:34:04.912133
940,1,good,7.017029539868602e-06,0.9999929829704601,2025-09-01 15:34:04.912133
941,1,good,5.173771085664747e-06,0.9999948262289143,2025-09-01 15:34:04.912133
942,0,bad,0.9920109643604936,0.007989035639506386,2025-09-01 15:34:04.912133
943,1,good,0.12560400768446878,0.8743959923155312,2025-09-01 15:34:04.912133
944,0,bad,0.9882486826865562,0.011751317313443796,2025-09-01 15:34:04.912133
945,0,bad,0.9961395318726985,0.0038604681273015024,2025-09-01 15:34:04.912133
946,0,bad,0.998828098333607,0.0011719016663930357,2025-09-01 15:34:04.912133
947,0,bad,0.9713774764758953,0.028622523524104618,2025-09-01 15:34:04.912133
948,1,good,7.639211984544758e-06,0.9999923607880155,2025-09-01 15:34:04.912133
949,0,bad,0.714945993343547,0.285054006656453,2025-09-01 15:34:04.912133
950,0,bad,0.7681010896073843,0.23189891039261573,2025-09-01 15:34:04.912133
951,0,bad,0.9979281037129776,0.0020718962870223813,2025-09-01 15:34:04.912133
952,0,bad,0.9979281037129776,0.0020718962870223813,2025-09-01 15:34:04.912133
953,0,bad,0.999709302456634,0.00029069754336600754,2025-09-01 15:34:04.912133
954,1,good,0.00013822964495957546,0.9998617703550404,2025-09-01 15:34:04.912133
955,0,bad,0.998257094932404,0.0017429050675960547,2025-09-01 15:34:04.912133
956,1,good,0.0006113776300129548,0.999388622369987,2025-09-01 15:34:04.912133
957,1,good,0.12010063967494444,0.8798993603250556,2025-09-01 15:34:04.912133
958,0,bad,0.9663008799391523,0.033699120060847694,2025-09-01 15:34:04.912133
959,0,bad,0.9979281037129776,0.0020718962870223813,2025-09-01 15:34:04.912133
960,0,bad,0.9602997877950221,0.039700212204977894,2025-09-01 15:34:04.912133
961,0,bad,0.9550248323310296,0.044975167668970376,2025-09-01 15:34:04.912133
962,0,bad,0.9979281037129776,0.0020718962870223813,2025-09-01 15:34:04.912133
963,0,bad,0.7098912209943378,0.2901087790056623,2025-09-01 15:34:04.912133
964,0,bad,0.8229192190287605,0.17708078097123947,2025-09-01 15:34:04.912133
965,0,bad,0.9663008799391523,0.033699120060847694,2025-09-01 15:34:04.912133
966,0,bad,0.5127462440109654,0.4872537559890346,2025-09-01 15:34:04.912133
967,0,bad,0.9713774764758953,0.028622523524104618,2025-09-01 15:34:04.912133
968,1,good,0.015920773000715593,0.9840792269992844,2025-09-01 15:34:04.912133
969,1,good,0.32318950076152153,0.6768104992384785,2025-09-01 15:34:04.912133
970,0,bad,0.9980456237301107,0.0019543762698892245,2025-09-01 15:34:04.912133
971,0,bad,0.9643426920221079,0.0356573079778921,2025-09-01 15:34:04.912133
972,0,bad,0.9875494047964047,0.01245059520359527,2025-09-01 15:34:04.912133
973,0,bad,0.9998054111093886,0.0001945888906114016,2025-09-01 15:34:04.912133
974,0,bad,0.9984160389682664,0.0015839610317336897,2025-09-01 15:34:04.912133
975,0,bad,0.768657438887386,0.23134256111261398,2025-09-01 15:34:04.912133
976,0,bad,0.906698884243019,0.09330111575698095,2025-09-01 15:34:04.912133
977,0,bad,0.9664025264803798,0.033597473519620134,2025-09-01 15:34:04.912133
978,0,bad,0.9432255097439088,0.056774490256091124,2025-09-01 15:34:04.912133
979,0,bad,0.9860998018822376,0.013900198117762476,2025-09-01 15:34:04.912133
980,0,bad,0.9998054111093886,0.0001945888906114016,2025-09-01 15:34:04.912133
981,0,bad,0.9643426920221079,0.0356573079778921,2025-09-01 15:34:04.912133
982,1,good,0.023330504620204362,0.9766694953797956,2025-09-01 15:34:04.912133
983,1,good,0.006315540297899491,0.9936844597021005,2025-09-01 15:34:04.912133
984,0,bad,0.9981464930998174,0.001853506900182611,2025-09-01 15:34:04.912133
985,0,bad,0.6916670996885119,0.3083329003114881,2025-09-01 15:34:04.912133
986,0,bad,0.9961395318726985,0.0038604681273015024,2025-09-01 15:34:04.912133
987,0,bad,0.9929036606054369,0.007096339394563152,2025-09-01 15:34:04.912133
988,0,bad,0.7155826465599904,0.28441735344000957,2025-09-01 15:34:04.912133
989,1,good,0.0004436102886897775,0.9995563897113102,2025-09-01 15:34:04.912133
990,0,bad,0.9643426920221079,0.0356573079778921,2025-09-01 15:34:04.912133
991,0,bad,0.7929930028819981,0.20700699711800183,2025-09-01 15:34:04.912133
992,0,bad,0.7873831781052681,0.21261682189473183,2025-09-01 15:34:04.912133
993,0,bad,0.8529990735574876,0.1470009264425124,2025-09-01 15:34:04.912133
994,1,good,0.000346945704354118,0.9996530542956459,2025-09-01 15:34:04.912133
995,0,bad,0.7217917488056362,0.2782082511943638,2025-09-01 15:34:04.912133
996,0,bad,0.7975191276592355,0.20248087234076456,2025-09-01 15:34:04.912133
997,1,good,0.000346945704354118,0.9996530542956459,2025-09-01 15:34:04.912133
998,0,bad,0.7970138576911187,0.20298614230888135,2025-09-01 15:34:04.912133
999,0,bad,0.9643426920221079,0.0356573079778921,2025-09-01 15:34:04.912133
1000,0,bad,0.9979281037129776,0.0020718962870223813,2025-09-01 15:34:04.912133
